CFM,Color Temp,RGB (0-255),,,HEX RGB (00 - FF)
1931 CIE (2deg) or 1964 CIE (10deg),(Kelvin),R,G,B,RGB
2deg,1000,255,51,0,#ff3300
10deg,1000,255,56,0,#ff3800
2deg,1100,255,69,0,#ff4500
10deg,1100,255,71,0,#ff4700
2deg,1200,255,82,0,#ff5200
10deg,1200,255,83,0,#ff5300
2deg,1300,255,93,0,#ff5d00
10deg,1300,255,93,0,#ff5d00
2deg,1400,255,102,0,#ff6600
10deg,1400,255,101,0,#ff6500
2deg,1500,255,111,0,#ff6f00
10deg,1500,255,109,0,#ff6d00
2deg,1600,255,118,0,#ff7600
10deg,1600,255,115,0,#ff7300
2deg,1700,255,124,0,#ff7c00
10deg,1700,255,121,0,#ff7900
2deg,1800,255,130,0,#ff8200
10deg,1800,255,126,0,#ff7e00
2deg,1900,255,135,0,#ff8700
10deg,1900,255,131,0,#ff8300
2deg,2000,255,141,11,#ff8d0b
10deg,2000,255,137,18,#ff8912
2deg,2100,255,146,29,#ff921d
10deg,2100,255,142,33,#ff8e21
2deg,2200,255,152,41,#ff9829
10deg,2200,255,147,44,#ff932c
2deg,2300,255,157,51,#ff9d33
10deg,2300,255,152,54,#ff9836
2deg,2400,255,162,60,#ffa23c
10deg,2400,255,157,63,#ff9d3f
2deg,2500,255,166,69,#ffa645
10deg,2500,255,161,72,#ffa148
2deg,2600,255,170,77,#ffaa4d
10deg,2600,255,165,79,#ffa54f
2deg,2700,255,174,84,#ffae54
10deg,2700,255,169,87,#ffa957
2deg,2800,255,178,91,#ffb25b
10deg,2800,255,173,94,#ffad5e
2deg,2900,255,182,98,#ffb662
10deg,2900,255,177,101,#ffb165
2deg,3000,255,185,105,#ffb969
10deg,3000,255,180,107,#ffb46b
2deg,3100,255,189,111,#ffbd6f
10deg,3100,255,184,114,#ffb872
2deg,3200,255,192,118,#ffc076
10deg,3200,255,187,120,#ffbb78
2deg,3300,255,195,124,#ffc37c
10deg,3300,255,190,126,#ffbe7e
2deg,3400,255,198,130,#ffc682
10deg,3400,255,193,132,#ffc184
2deg,3500,255,201,135,#ffc987
10deg,3500,255,196,137,#ffc489
2deg,3600,255,203,141,#ffcb8d
10deg,3600,255,199,143,#ffc78f
2deg,3700,255,206,146,#ffce92
10deg,3700,255,201,148,#ffc994
2deg,3800,255,208,151,#ffd097
10deg,3800,255,204,153,#ffcc99
2deg,3900,255,211,156,#ffd39c
10deg,3900,255,206,159,#ffce9f
2deg,4000,255,213,161,#ffd5a1
10deg,4000,255,209,163,#ffd1a3
2deg,4100,255,215,166,#ffd7a6
10deg,4100,255,211,168,#ffd3a8
2deg,4200,255,217,171,#ffd9ab
10deg,4200,255,213,173,#ffd5ad
2deg,4300,255,219,175,#ffdbaf
10deg,4300,255,215,177,#ffd7b1
2deg,4400,255,221,180,#ffddb4
10deg,4400,255,217,182,#ffd9b6
2deg,4500,255,223,184,#ffdfb8
10deg,4500,255,219,186,#ffdbba
2deg,4600,255,225,188,#ffe1bc
10deg,4600,255,221,190,#ffddbe
2deg,4700,255,226,192,#ffe2c0
10deg,4700,255,223,194,#ffdfc2
2deg,4800,255,228,196,#ffe4c4
10deg,4800,255,225,198,#ffe1c6
2deg,4900,255,229,200,#ffe5c8
10deg,4900,255,227,202,#ffe3ca
2deg,5000,255,231,204,#ffe7cc
10deg,5000,255,228,206,#ffe4ce
2deg,5100,255,232,208,#ffe8d0
10deg,5100,255,230,210,#ffe6d2
2deg,5200,255,234,211,#ffead3
10deg,5200,255,232,213,#ffe8d5
2deg,5300,255,235,215,#ffebd7
10deg,5300,255,233,217,#ffe9d9
2deg,5400,255,237,218,#ffedda
10deg,5400,255,235,220,#ffebdc
2deg,5500,255,238,222,#ffeede
10deg,5500,255,236,224,#ffece0
2deg,5600,255,239,225,#ffefe1
10deg,5600,255,238,227,#ffeee3
2deg,5700,255,240,228,#fff0e4
10deg,5700,255,239,230,#ffefe6
2deg,5800,255,241,231,#fff1e7
10deg,5800,255,240,233,#fff0e9
2deg,5900,255,243,234,#fff3ea
10deg,5900,255,242,236,#fff2ec
2deg,6000,255,244,237,#fff4ed
10deg,6000,255,243,239,#fff3ef
2deg,6100,255,245,240,#fff5f0
10deg,6100,255,244,242,#fff4f2
2deg,6200,255,246,243,#fff6f3
10deg,6200,255,245,245,#fff5f5
2deg,6300,255,247,245,#fff7f5
10deg,6300,255,246,248,#fff6f8
2deg,6400,255,248,248,#fff8f8
10deg,6400,255,248,251,#fff8fb
2deg,6500,255,249,251,#fff9fb
10deg,6500,255,249,253,#fff9fd
2deg,6600,255,249,253,#fff9fd
10deg,6600,254,249,255,#fef9ff
2deg,6700,254,250,255,#fefaff
10deg,6700,252,247,255,#fcf7ff
2deg,6800,252,248,255,#fcf8ff
10deg,6800,249,246,255,#f9f6ff
2deg,6900,250,247,255,#faf7ff
10deg,6900,247,245,255,#f7f5ff
2deg,7000,247,245,255,#f7f5ff
10deg,7000,245,243,255,#f5f3ff
2deg,7100,245,244,255,#f5f4ff
10deg,7100,243,242,255,#f3f2ff
2deg,7200,243,243,255,#f3f3ff
10deg,7200,240,241,255,#f0f1ff
2deg,7300,241,241,255,#f1f1ff
10deg,7300,239,240,255,#eff0ff
2deg,7400,239,240,255,#eff0ff
10deg,7400,237,239,255,#edefff
2deg,7500,238,239,255,#eeefff
10deg,7500,235,238,255,#ebeeff
2deg,7600,236,238,255,#eceeff
10deg,7600,233,237,255,#e9edff
2deg,7700,234,237,255,#eaedff
10deg,7700,231,236,255,#e7ecff
2deg,7800,233,236,255,#e9ecff
10deg,7800,230,235,255,#e6ebff
2deg,7900,231,234,255,#e7eaff
10deg,7900,228,234,255,#e4eaff
2deg,8000,229,233,255,#e5e9ff
10deg,8000,227,233,255,#e3e9ff
2deg,8100,228,233,255,#e4e9ff
10deg,8100,225,232,255,#e1e8ff
2deg,8200,227,232,255,#e3e8ff
10deg,8200,224,231,255,#e0e7ff
2deg,8300,225,231,255,#e1e7ff
10deg,8300,222,230,255,#dee6ff
2deg,8400,224,230,255,#e0e6ff
10deg,8400,221,230,255,#dde6ff
2deg,8500,223,229,255,#dfe5ff
10deg,8500,220,229,255,#dce5ff
2deg,8600,221,228,255,#dde4ff
10deg,8600,218,228,255,#dae4ff
2deg,8700,220,227,255,#dce3ff
10deg,8700,217,227,255,#d9e3ff
2deg,8800,219,226,255,#dbe2ff
10deg,8800,216,227,255,#d8e3ff
2deg,8900,218,226,255,#dae2ff
10deg,8900,215,226,255,#d7e2ff
2deg,9000,217,225,255,#d9e1ff
10deg,9000,214,225,255,#d6e1ff
2deg,9100,216,224,255,#d8e0ff
10deg,9100,212,225,255,#d4e1ff
2deg,9200,215,223,255,#d7dfff
10deg,9200,211,224,255,#d3e0ff
2deg,9300,214,223,255,#d6dfff
10deg,9300,210,223,255,#d2dfff
2deg,9400,213,222,255,#d5deff
10deg,9400,209,223,255,#d1dfff
2deg,9500,212,221,255,#d4ddff
10deg,9500,208,222,255,#d0deff
2deg,9600,211,221,255,#d3ddff
10deg,9600,207,221,255,#cfddff
2deg,9700,210,220,255,#d2dcff
10deg,9700,207,221,255,#cfddff
2deg,9800,209,220,255,#d1dcff
10deg,9800,206,220,255,#cedcff
2deg,9900,208,219,255,#d0dbff
10deg,9900,205,220,255,#cddcff
2deg,10000,207,218,255,#cfdaff
10deg,10000,204,219,255,#ccdbff
2deg,10100,207,218,255,#cfdaff
10deg,10100,203,219,255,#cbdbff
2deg,10200,206,217,255,#ced9ff
10deg,10200,202,218,255,#cadaff
2deg,10300,205,217,255,#cdd9ff
10deg,10300,201,218,255,#c9daff
2deg,10400,204,216,255,#ccd8ff
10deg,10400,201,217,255,#c9d9ff
2deg,10500,204,216,255,#ccd8ff
10deg,10500,200,217,255,#c8d9ff
2deg,10600,203,215,255,#cbd7ff
10deg,10600,199,216,255,#c7d8ff
2deg,10700,202,215,255,#cad7ff
10deg,10700,199,216,255,#c7d8ff
2deg,10800,202,214,255,#cad6ff
10deg,10800,198,216,255,#c6d8ff
2deg,10900,201,214,255,#c9d6ff
10deg,10900,197,215,255,#c5d7ff
2deg,11000,200,213,255,#c8d5ff
10deg,11000,196,215,255,#c4d7ff
2deg,11100,200,213,255,#c8d5ff
10deg,11100,196,214,255,#c4d6ff
2deg,11200,199,212,255,#c7d4ff
10deg,11200,195,214,255,#c3d6ff
2deg,11300,198,212,255,#c6d4ff
10deg,11300,195,214,255,#c3d6ff
2deg,11400,198,212,255,#c6d4ff
10deg,11400,194,213,255,#c2d5ff
2deg,11500,197,211,255,#c5d3ff
10deg,11500,193,213,255,#c1d5ff
2deg,11600,197,211,255,#c5d3ff
10deg,11600,193,212,255,#c1d4ff
2deg,11700,196,210,255,#c4d2ff
10deg,11700,192,212,255,#c0d4ff
2deg,11800,196,210,255,#c4d2ff
10deg,11800,192,212,255,#c0d4ff
2deg,11900,195,210,255,#c3d2ff
10deg,11900,191,211,255,#bfd3ff
2deg,12000,195,209,255,#c3d1ff
10deg,12000,191,211,255,#bfd3ff
2deg,12100,194,209,255,#c2d1ff
10deg,12100,190,211,255,#bed3ff
2deg,12200,194,208,255,#c2d0ff
10deg,12200,190,210,255,#bed2ff
2deg,12300,193,208,255,#c1d0ff
10deg,12300,189,210,255,#bdd2ff
2deg,12400,193,208,255,#c1d0ff
10deg,12400,189,210,255,#bdd2ff
2deg,12500,192,207,255,#c0cfff
10deg,12500,188,210,255,#bcd2ff
2deg,12600,192,207,255,#c0cfff
10deg,12600,188,209,255,#bcd1ff
2deg,12700,191,207,255,#bfcfff
10deg,12700,187,209,255,#bbd1ff
2deg,12800,191,206,255,#bfceff
10deg,12800,187,209,255,#bbd1ff
2deg,12900,190,206,255,#beceff
10deg,12900,186,208,255,#bad0ff
2deg,13000,190,206,255,#beceff
10deg,13000,186,208,255,#bad0ff
2deg,13100,190,206,255,#beceff
10deg,13100,185,208,255,#b9d0ff
2deg,13200,189,205,255,#bdcdff
10deg,13200,185,208,255,#b9d0ff
2deg,13300,189,205,255,#bdcdff
10deg,13300,185,207,255,#b9cfff
2deg,13400,188,205,255,#bccdff
10deg,13400,184,207,255,#b8cfff
2deg,13500,188,204,255,#bcccff
10deg,13500,184,207,255,#b8cfff
2deg,13600,188,204,255,#bcccff
10deg,13600,183,207,255,#b7cfff
2deg,13700,187,204,255,#bbccff
10deg,13700,183,206,255,#b7ceff
2deg,13800,187,204,255,#bbccff
10deg,13800,183,206,255,#b7ceff
2deg,13900,187,203,255,#bbcbff
10deg,13900,182,206,255,#b6ceff
2deg,14000,186,203,255,#bacbff
10deg,14000,182,206,255,#b6ceff
2deg,14100,186,203,255,#bacbff
10deg,14100,182,205,255,#b6cdff
2deg,14200,186,203,255,#bacbff
10deg,14200,181,205,255,#b5cdff
2deg,14300,185,202,255,#b9caff
10deg,14300,181,205,255,#b5cdff
2deg,14400,185,202,255,#b9caff
10deg,14400,181,205,255,#b5cdff
2deg,14500,185,202,255,#b9caff
10deg,14500,180,205,255,#b4cdff
2deg,14600,184,202,255,#b8caff
10deg,14600,180,204,255,#b4ccff
2deg,14700,184,201,255,#b8c9ff
10deg,14700,180,204,255,#b4ccff
2deg,14800,184,201,255,#b8c9ff
10deg,14800,179,204,255,#b3ccff
2deg,14900,184,201,255,#b8c9ff
10deg,14900,179,204,255,#b3ccff
2deg,15000,183,201,255,#b7c9ff
10deg,15000,179,204,255,#b3ccff
2deg,15100,183,201,255,#b7c9ff
10deg,15100,178,203,255,#b2cbff
2deg,15200,183,200,255,#b7c8ff
10deg,15200,178,203,255,#b2cbff
2deg,15300,182,200,255,#b6c8ff
10deg,15300,178,203,255,#b2cbff
2deg,15400,182,200,255,#b6c8ff
10deg,15400,178,203,255,#b2cbff
2deg,15500,182,200,255,#b6c8ff
10deg,15500,177,203,255,#b1cbff
2deg,15600,182,200,255,#b6c8ff
10deg,15600,177,202,255,#b1caff
2deg,15700,181,199,255,#b5c7ff
10deg,15700,177,202,255,#b1caff
2deg,15800,181,199,255,#b5c7ff
10deg,15800,177,202,255,#b1caff
2deg,15900,181,199,255,#b5c7ff
10deg,15900,176,202,255,#b0caff
2deg,16000,181,199,255,#b5c7ff
10deg,16000,176,202,255,#b0caff
2deg,16100,180,199,255,#b4c7ff
10deg,16100,176,202,255,#b0caff
2deg,16200,180,198,255,#b4c6ff
10deg,16200,175,201,255,#afc9ff
2deg,16300,180,198,255,#b4c6ff
10deg,16300,175,201,255,#afc9ff
2deg,16400,180,198,255,#b4c6ff
10deg,16400,175,201,255,#afc9ff
2deg,16500,179,198,255,#b3c6ff
10deg,16500,175,201,255,#afc9ff
2deg,16600,179,198,255,#b3c6ff
10deg,16600,175,201,255,#afc9ff
2deg,16700,179,198,255,#b3c6ff
10deg,16700,174,201,255,#aec9ff
2deg,16800,179,197,255,#b3c5ff
10deg,16800,174,201,255,#aec9ff
2deg,16900,179,197,255,#b3c5ff
10deg,16900,174,200,255,#aec8ff
2deg,17000,178,197,255,#b2c5ff
10deg,17000,174,200,255,#aec8ff
2deg,17100,178,197,255,#b2c5ff
10deg,17100,173,200,255,#adc8ff
2deg,17200,178,197,255,#b2c5ff
10deg,17200,173,200,255,#adc8ff
2deg,17300,178,197,255,#b2c5ff
10deg,17300,173,200,255,#adc8ff
2deg,17400,178,196,255,#b2c4ff
10deg,17400,173,200,255,#adc8ff
2deg,17500,177,196,255,#b1c4ff
10deg,17500,173,200,255,#adc8ff
2deg,17600,177,196,255,#b1c4ff
10deg,17600,172,199,255,#acc7ff
2deg,17700,177,196,255,#b1c4ff
10deg,17700,172,199,255,#acc7ff
2deg,17800,177,196,255,#b1c4ff
10deg,17800,172,199,255,#acc7ff
2deg,17900,177,196,255,#b1c4ff
10deg,17900,172,199,255,#acc7ff
2deg,18000,176,196,255,#b0c4ff
10deg,18000,172,199,255,#acc7ff
2deg,18100,176,195,255,#b0c3ff
10deg,18100,171,199,255,#abc7ff
2deg,18200,176,195,255,#b0c3ff
10deg,18200,171,199,255,#abc7ff
2deg,18300,176,195,255,#b0c3ff
10deg,18300,171,199,255,#abc7ff
2deg,18400,176,195,255,#b0c3ff
10deg,18400,171,198,255,#abc6ff
2deg,18500,176,195,255,#b0c3ff
10deg,18500,171,198,255,#abc6ff
2deg,18600,175,195,255,#afc3ff
10deg,18600,170,198,255,#aac6ff
2deg,18700,175,195,255,#afc3ff
10deg,18700,170,198,255,#aac6ff
2deg,18800,175,194,255,#afc2ff
10deg,18800,170,198,255,#aac6ff
2deg,18900,175,194,255,#afc2ff
10deg,18900,170,198,255,#aac6ff
2deg,19000,175,194,255,#afc2ff
10deg,19000,170,198,255,#aac6ff
2deg,19100,175,194,255,#afc2ff
10deg,19100,170,198,255,#aac6ff
2deg,19200,174,194,255,#aec2ff
10deg,19200,169,198,255,#a9c6ff
2deg,19300,174,194,255,#aec2ff
10deg,19300,169,197,255,#a9c5ff
2deg,19400,174,194,255,#aec2ff
10deg,19400,169,197,255,#a9c5ff
2deg,19500,174,194,255,#aec2ff
10deg,19500,169,197,255,#a9c5ff
2deg,19600,174,194,255,#aec2ff
10deg,19600,169,197,255,#a9c5ff
2deg,19700,174,193,255,#aec1ff
10deg,19700,169,197,255,#a9c5ff
2deg,19800,174,193,255,#aec1ff
10deg,19800,169,197,255,#a9c5ff
2deg,19900,173,193,255,#adc1ff
10deg,19900,168,197,255,#a8c5ff
2deg,20000,173,193,255,#adc1ff
10deg,20000,168,197,255,#a8c5ff
2deg,20100,173,193,255,#adc1ff
10deg,20100,168,197,255,#a8c5ff
2deg,20200,173,193,255,#adc1ff
10deg,20200,168,197,255,#a8c5ff
2deg,20300,173,193,255,#adc1ff
10deg,20300,168,196,255,#a8c4ff
2deg,20400,173,193,255,#adc1ff
10deg,20400,168,196,255,#a8c4ff
2deg,20500,173,193,255,#adc1ff
10deg,20500,168,196,255,#a8c4ff
2deg,20600,173,192,255,#adc0ff
10deg,20600,167,196,255,#a7c4ff
2deg,20700,172,192,255,#acc0ff
10deg,20700,167,196,255,#a7c4ff
2deg,20800,172,192,255,#acc0ff
10deg,20800,167,196,255,#a7c4ff
2deg,20900,172,192,255,#acc0ff
10deg,20900,167,196,255,#a7c4ff
2deg,21000,172,192,255,#acc0ff
10deg,21000,167,196,255,#a7c4ff
2deg,21100,172,192,255,#acc0ff
10deg,21100,167,196,255,#a7c4ff
2deg,21200,172,192,255,#acc0ff
10deg,21200,167,196,255,#a7c4ff
2deg,21300,172,192,255,#acc0ff
10deg,21300,166,196,255,#a6c4ff
2deg,21400,172,192,255,#acc0ff
10deg,21400,166,195,255,#a6c3ff
2deg,21500,171,192,255,#abc0ff
10deg,21500,166,195,255,#a6c3ff
2deg,21600,171,192,255,#abc0ff
10deg,21600,166,195,255,#a6c3ff
2deg,21700,171,191,255,#abbfff
10deg,21700,166,195,255,#a6c3ff
2deg,21800,171,191,255,#abbfff
10deg,21800,166,195,255,#a6c3ff
2deg,21900,171,191,255,#abbfff
10deg,21900,166,195,255,#a6c3ff
2deg,22000,171,191,255,#abbfff
10deg,22000,166,195,255,#a6c3ff
2deg,22100,171,191,255,#abbfff
10deg,22100,165,195,255,#a5c3ff
2deg,22200,171,191,255,#abbfff
10deg,22200,165,195,255,#a5c3ff
2deg,22300,171,191,255,#abbfff
10deg,22300,165,195,255,#a5c3ff
2deg,22400,170,191,255,#aabfff
10deg,22400,165,195,255,#a5c3ff
2deg,22500,170,191,255,#aabfff
10deg,22500,165,195,255,#a5c3ff
2deg,22600,170,191,255,#aabfff
10deg,22600,165,195,255,#a5c3ff
2deg,22700,170,191,255,#aabfff
10deg,22700,165,194,255,#a5c2ff
2deg,22800,170,190,255,#aabeff
10deg,22800,165,194,255,#a5c2ff
2deg,22900,170,190,255,#aabeff
10deg,22900,165,194,255,#a5c2ff
2deg,23000,170,190,255,#aabeff
10deg,23000,164,194,255,#a4c2ff
2deg,23100,170,190,255,#aabeff
10deg,23100,164,194,255,#a4c2ff
2deg,23200,170,190,255,#aabeff
10deg,23200,164,194,255,#a4c2ff
2deg,23300,170,190,255,#aabeff
10deg,23300,164,194,255,#a4c2ff
2deg,23400,169,190,255,#a9beff
10deg,23400,164,194,255,#a4c2ff
2deg,23500,169,190,255,#a9beff
10deg,23500,164,194,255,#a4c2ff
2deg,23600,169,190,255,#a9beff
10deg,23600,164,194,255,#a4c2ff
2deg,23700,169,190,255,#a9beff
10deg,23700,164,194,255,#a4c2ff
2deg,23800,169,190,255,#a9beff
10deg,23800,164,194,255,#a4c2ff
2deg,23900,169,190,255,#a9beff
10deg,23900,164,194,255,#a4c2ff
2deg,24000,169,190,255,#a9beff
10deg,24000,163,194,255,#a3c2ff
2deg,24100,169,190,255,#a9beff
10deg,24100,163,194,255,#a3c2ff
2deg,24200,169,189,255,#a9bdff
10deg,24200,163,193,255,#a3c1ff
2deg,24300,169,189,255,#a9bdff
10deg,24300,163,193,255,#a3c1ff
2deg,24400,169,189,255,#a9bdff
10deg,24400,163,193,255,#a3c1ff
2deg,24500,168,189,255,#a8bdff
10deg,24500,163,193,255,#a3c1ff
2deg,24600,168,189,255,#a8bdff
10deg,24600,163,193,255,#a3c1ff
2deg,24700,168,189,255,#a8bdff
10deg,24700,163,193,255,#a3c1ff
2deg,24800,168,189,255,#a8bdff
10deg,24800,163,193,255,#a3c1ff
2deg,24900,168,189,255,#a8bdff
10deg,24900,163,193,255,#a3c1ff
2deg,25000,168,189,255,#a8bdff
10deg,25000,163,193,255,#a3c1ff
2deg,25100,168,189,255,#a8bdff
10deg,25100,162,193,255,#a2c1ff
2deg,25200,168,189,255,#a8bdff
10deg,25200,162,193,255,#a2c1ff
2deg,25300,168,189,255,#a8bdff
10deg,25300,162,193,255,#a2c1ff
2deg,25400,168,189,255,#a8bdff
10deg,25400,162,193,255,#a2c1ff
2deg,25500,168,189,255,#a8bdff
10deg,25500,162,193,255,#a2c1ff
2deg,25600,168,189,255,#a8bdff
10deg,25600,162,193,255,#a2c1ff
2deg,25700,167,188,255,#a7bcff
10deg,25700,162,193,255,#a2c1ff
2deg,25800,167,188,255,#a7bcff
10deg,25800,162,193,255,#a2c1ff
2deg,25900,167,188,255,#a7bcff
10deg,25900,162,192,255,#a2c0ff
2deg,26000,167,188,255,#a7bcff
10deg,26000,162,192,255,#a2c0ff
2deg,26100,167,188,255,#a7bcff
10deg,26100,162,192,255,#a2c0ff
2deg,26200,167,188,255,#a7bcff
10deg,26200,162,192,255,#a2c0ff
2deg,26300,167,188,255,#a7bcff
10deg,26300,162,192,255,#a2c0ff
2deg,26400,167,188,255,#a7bcff
10deg,26400,161,192,255,#a1c0ff
2deg,26500,167,188,255,#a7bcff
10deg,26500,161,192,255,#a1c0ff
2deg,26600,167,188,255,#a7bcff
10deg,26600,161,192,255,#a1c0ff
2deg,26700,167,188,255,#a7bcff
10deg,26700,161,192,255,#a1c0ff
2deg,26800,167,188,255,#a7bcff
10deg,26800,161,192,255,#a1c0ff
2deg,26900,167,188,255,#a7bcff
10deg,26900,161,192,255,#a1c0ff
2deg,27000,167,188,255,#a7bcff
10deg,27000,161,192,255,#a1c0ff
2deg,27100,166,188,255,#a6bcff
10deg,27100,161,192,255,#a1c0ff
2deg,27200,166,188,255,#a6bcff
10deg,27200,161,192,255,#a1c0ff
2deg,27300,166,188,255,#a6bcff
10deg,27300,161,192,255,#a1c0ff
2deg,27400,166,187,255,#a6bbff
10deg,27400,161,192,255,#a1c0ff
2deg,27500,166,187,255,#a6bbff
10deg,27500,161,192,255,#a1c0ff
2deg,27600,166,187,255,#a6bbff
10deg,27600,161,192,255,#a1c0ff
2deg,27700,166,187,255,#a6bbff
10deg,27700,161,192,255,#a1c0ff
2deg,27800,166,187,255,#a6bbff
10deg,27800,160,192,255,#a0c0ff
2deg,27900,166,187,255,#a6bbff
10deg,27900,160,192,255,#a0c0ff
2deg,28000,166,187,255,#a6bbff
10deg,28000,160,191,255,#a0bfff
2deg,28100,166,187,255,#a6bbff
10deg,28100,160,191,255,#a0bfff
2deg,28200,166,187,255,#a6bbff
10deg,28200,160,191,255,#a0bfff
2deg,28300,166,187,255,#a6bbff
10deg,28300,160,191,255,#a0bfff
2deg,28400,166,187,255,#a6bbff
10deg,28400,160,191,255,#a0bfff
2deg,28500,166,187,255,#a6bbff
10deg,28500,160,191,255,#a0bfff
2deg,28600,166,187,255,#a6bbff
10deg,28600,160,191,255,#a0bfff
2deg,28700,165,187,255,#a5bbff
10deg,28700,160,191,255,#a0bfff
2deg,28800,165,187,255,#a5bbff
10deg,28800,160,191,255,#a0bfff
2deg,28900,165,187,255,#a5bbff
10deg,28900,160,191,255,#a0bfff
2deg,29000,165,187,255,#a5bbff
10deg,29000,160,191,255,#a0bfff
2deg,29100,165,187,255,#a5bbff
10deg,29100,160,191,255,#a0bfff
2deg,29200,165,187,255,#a5bbff
10deg,29200,160,191,255,#a0bfff
2deg,29300,165,187,255,#a5bbff
10deg,29300,159,191,255,#9fbfff
2deg,29400,165,187,255,#a5bbff
10deg,29400,159,191,255,#9fbfff
2deg,29500,165,186,255,#a5baff
10deg,29500,159,191,255,#9fbfff
2deg,29600,165,186,255,#a5baff
10deg,29600,159,191,255,#9fbfff
2deg,29700,165,186,255,#a5baff
10deg,29700,159,191,255,#9fbfff
2deg,29800,165,186,255,#a5baff
10deg,29800,159,191,255,#9fbfff
2deg,29900,165,186,255,#a5baff
10deg,29900,159,191,255,#9fbfff
2deg,30000,165,186,255,#a5baff
10deg,30000,159,191,255,#9fbfff
2deg,30100,165,186,255,#a5baff
10deg,30100,159,191,255,#9fbfff
2deg,30200,165,186,255,#a5baff
10deg,30200,159,191,255,#9fbfff
2deg,30300,165,186,255,#a5baff
10deg,30300,159,191,255,#9fbfff
2deg,30400,165,186,255,#a5baff
10deg,30400,159,190,255,#9fbeff
2deg,30500,165,186,255,#a5baff
10deg,30500,159,190,255,#9fbeff
2deg,30600,164,186,255,#a4baff
10deg,30600,159,190,255,#9fbeff
2deg,30700,164,186,255,#a4baff
10deg,30700,159,190,255,#9fbeff
2deg,30800,164,186,255,#a4baff
10deg,30800,159,190,255,#9fbeff
2deg,30900,164,186,255,#a4baff
10deg,30900,159,190,255,#9fbeff
2deg,31000,164,186,255,#a4baff
10deg,31000,159,190,255,#9fbeff
2deg,31100,164,186,255,#a4baff
10deg,31100,158,190,255,#9ebeff
2deg,31200,164,186,255,#a4baff
10deg,31200,158,190,255,#9ebeff
2deg,31300,164,186,255,#a4baff
10deg,31300,158,190,255,#9ebeff
2deg,31400,164,186,255,#a4baff
10deg,31400,158,190,255,#9ebeff
2deg,31500,164,186,255,#a4baff
10deg,31500,158,190,255,#9ebeff
2deg,31600,164,186,255,#a4baff
10deg,31600,158,190,255,#9ebeff
2deg,31700,164,186,255,#a4baff
10deg,31700,158,190,255,#9ebeff
2deg,31800,164,186,255,#a4baff
10deg,31800,158,190,255,#9ebeff
2deg,31900,164,186,255,#a4baff
10deg,31900,158,190,255,#9ebeff
2deg,32000,164,185,255,#a4b9ff
10deg,32000,158,190,255,#9ebeff
2deg,32100,164,185,255,#a4b9ff
10deg,32100,158,190,255,#9ebeff
2deg,32200,164,185,255,#a4b9ff
10deg,32200,158,190,255,#9ebeff
2deg,32300,164,185,255,#a4b9ff
10deg,32300,158,190,255,#9ebeff
2deg,32400,164,185,255,#a4b9ff
10deg,32400,158,190,255,#9ebeff
2deg,32500,164,185,255,#a4b9ff
10deg,32500,158,190,255,#9ebeff
2deg,32600,164,185,255,#a4b9ff
10deg,32600,158,190,255,#9ebeff
2deg,32700,163,185,255,#a3b9ff
10deg,32700,158,190,255,#9ebeff
2deg,32800,163,185,255,#a3b9ff
10deg,32800,158,190,255,#9ebeff
2deg,32900,163,185,255,#a3b9ff
10deg,32900,158,190,255,#9ebeff
2deg,33000,163,185,255,#a3b9ff
10deg,33000,158,190,255,#9ebeff
2deg,33100,163,185,255,#a3b9ff
10deg,33100,158,190,255,#9ebeff
2deg,33200,163,185,255,#a3b9ff
10deg,33200,157,190,255,#9dbeff
2deg,33300,163,185,255,#a3b9ff
10deg,33300,157,190,255,#9dbeff
2deg,33400,163,185,255,#a3b9ff
10deg,33400,157,189,255,#9dbdff
2deg,33500,163,185,255,#a3b9ff
10deg,33500,157,189,255,#9dbdff
2deg,33600,163,185,255,#a3b9ff
10deg,33600,157,189,255,#9dbdff
2deg,33700,163,185,255,#a3b9ff
10deg,33700,157,189,255,#9dbdff
2deg,33800,163,185,255,#a3b9ff
10deg,33800,157,189,255,#9dbdff
2deg,33900,163,185,255,#a3b9ff
10deg,33900,157,189,255,#9dbdff
2deg,34000,163,185,255,#a3b9ff
10deg,34000,157,189,255,#9dbdff
2deg,34100,163,185,255,#a3b9ff
10deg,34100,157,189,255,#9dbdff
2deg,34200,163,185,255,#a3b9ff
10deg,34200,157,189,255,#9dbdff
2deg,34300,163,185,255,#a3b9ff
10deg,34300,157,189,255,#9dbdff
2deg,34400,163,185,255,#a3b9ff
10deg,34400,157,189,255,#9dbdff
2deg,34500,163,185,255,#a3b9ff
10deg,34500,157,189,255,#9dbdff
2deg,34600,163,185,255,#a3b9ff
10deg,34600,157,189,255,#9dbdff
2deg,34700,163,185,255,#a3b9ff
10deg,34700,157,189,255,#9dbdff
2deg,34800,163,185,255,#a3b9ff
10deg,34800,157,189,255,#9dbdff
2deg,34900,163,185,255,#a3b9ff
10deg,34900,157,189,255,#9dbdff
2deg,35000,163,184,255,#a3b8ff
10deg,35000,157,189,255,#9dbdff
2deg,35100,163,184,255,#a3b8ff
10deg,35100,157,189,255,#9dbdff
2deg,35200,162,184,255,#a2b8ff
10deg,35200,157,189,255,#9dbdff
2deg,35300,162,184,255,#a2b8ff
10deg,35300,157,189,255,#9dbdff
2deg,35400,162,184,255,#a2b8ff
10deg,35400,157,189,255,#9dbdff
2deg,35500,162,184,255,#a2b8ff
10deg,35500,157,189,255,#9dbdff
2deg,35600,162,184,255,#a2b8ff
10deg,35600,156,189,255,#9cbdff
2deg,35700,162,184,255,#a2b8ff
10deg,35700,156,189,255,#9cbdff
2deg,35800,162,184,255,#a2b8ff
10deg,35800,156,189,255,#9cbdff
2deg,35900,162,184,255,#a2b8ff
10deg,35900,156,189,255,#9cbdff
2deg,36000,162,184,255,#a2b8ff
10deg,36000,156,189,255,#9cbdff
2deg,36100,162,184,255,#a2b8ff
10deg,36100,156,189,255,#9cbdff
2deg,36200,162,184,255,#a2b8ff
10deg,36200,156,189,255,#9cbdff
2deg,36300,162,184,255,#a2b8ff
10deg,36300,156,189,255,#9cbdff
2deg,36400,162,184,255,#a2b8ff
10deg,36400,156,189,255,#9cbdff
2deg,36500,162,184,255,#a2b8ff
10deg,36500,156,189,255,#9cbdff
2deg,36600,162,184,255,#a2b8ff
10deg,36600,156,189,255,#9cbdff
2deg,36700,162,184,255,#a2b8ff
10deg,36700,156,189,255,#9cbdff
2deg,36800,162,184,255,#a2b8ff
10deg,36800,156,189,255,#9cbdff
2deg,36900,162,184,255,#a2b8ff
10deg,36900,156,189,255,#9cbdff
2deg,37000,162,184,255,#a2b8ff
10deg,37000,156,189,255,#9cbdff
2deg,37100,162,184,255,#a2b8ff
10deg,37100,156,189,255,#9cbdff
2deg,37200,162,184,255,#a2b8ff
10deg,37200,156,188,255,#9cbcff
2deg,37300,162,184,255,#a2b8ff
10deg,37300,156,188,255,#9cbcff
2deg,37400,162,184,255,#a2b8ff
10deg,37400,156,188,255,#9cbcff
2deg,37500,162,184,255,#a2b8ff
10deg,37500,156,188,255,#9cbcff
2deg,37600,162,184,255,#a2b8ff
10deg,37600,156,188,255,#9cbcff
2deg,37700,162,184,255,#a2b8ff
10deg,37700,156,188,255,#9cbcff
2deg,37800,162,184,255,#a2b8ff
10deg,37800,156,188,255,#9cbcff
2deg,37900,162,184,255,#a2b8ff
10deg,37900,156,188,255,#9cbcff
2deg,38000,162,184,255,#a2b8ff
10deg,38000,156,188,255,#9cbcff
2deg,38100,162,184,255,#a2b8ff
10deg,38100,156,188,255,#9cbcff
2deg,38200,162,184,255,#a2b8ff
10deg,38200,156,188,255,#9cbcff
2deg,38300,161,184,255,#a1b8ff
10deg,38300,156,188,255,#9cbcff
2deg,38400,161,184,255,#a1b8ff
10deg,38400,155,188,255,#9bbcff
2deg,38500,161,184,255,#a1b8ff
10deg,38500,155,188,255,#9bbcff
2deg,38600,161,183,255,#a1b7ff
10deg,38600,155,188,255,#9bbcff
2deg,38700,161,183,255,#a1b7ff
10deg,38700,155,188,255,#9bbcff
2deg,38800,161,183,255,#a1b7ff
10deg,38800,155,188,255,#9bbcff
2deg,38900,161,183,255,#a1b7ff
10deg,38900,155,188,255,#9bbcff
2deg,39000,161,183,255,#a1b7ff
10deg,39000,155,188,255,#9bbcff
2deg,39100,161,183,255,#a1b7ff
10deg,39100,155,188,255,#9bbcff
2deg,39200,161,183,255,#a1b7ff
10deg,39200,155,188,255,#9bbcff
2deg,39300,161,183,255,#a1b7ff
10deg,39300,155,188,255,#9bbcff
2deg,39400,161,183,255,#a1b7ff
10deg,39400,155,188,255,#9bbcff
2deg,39500,161,183,255,#a1b7ff
10deg,39500,155,188,255,#9bbcff
2deg,39600,161,183,255,#a1b7ff
10deg,39600,155,188,255,#9bbcff
2deg,39700,161,183,255,#a1b7ff
10deg,39700,155,188,255,#9bbcff
2deg,39800,161,183,255,#a1b7ff
10deg,39800,155,188,255,#9bbcff
2deg,39900,161,183,255,#a1b7ff
10deg,39900,155,188,255,#9bbcff
2deg,40000,161,183,255,#a1b7ff
10deg,40000,155,188,255,#9bbcff
,end,,,,
